Year,Age_Frequency,FavorAgeFrquency,OpposeAgeFrequency
1972,"{'30': 50, '81': 5, '42': 29, '22': 38, '36': 27, '60': 32, '61': 19, '62': 15, '63': 21, '64': 27, '49': 35, '66': 11, '67': 12, '68': 20, '69': 15, '80': 6, '34': 32, '87': 2, '84': 3, '85': 3, '24': 29, '25': 40, '26': 47, '27': 36, '20': 33, '21': 36, '48': 37, '23': 31, '46': 31, '47': 29, '44': 23, '45': 41, '28': 30, '43': 29, '40': 15, '41': 20, '35': 27, '18': 5, '82': 4, '83': 4, '33': 25, '77': 10, '76': 12, '75': 13, '74': 16, '73': 12, '72': 16, '71': 7, '70': 16, '29': 44, '79': 4, '78': 12, '39': 20, '38': 21, '59': 24, '58': 24, '19': 23, '54': 24, '31': 25, '56': 29, '51': 26, '50': 28, '53': 29, '52': 31, '55': 25, '89': 2, '37': 18, '88': 2, '32': 25, '57': 24, '65': 23}","{'30': 37, '81': 5, '51': 14, '58': 16, '60': 22, '61': 16, '62': 10, '63': 16, '64': 18, '49': 20, '66': 8, '67': 8, '68': 14, '69': 11, '80': 3, '52': 24, '87': 2, '42': 20, '85': 1, '24': 20, '25': 29, '26': 33, '27': 30, '20': 24, '21': 29, '48': 26, '23': 28, '46': 18, '47': 23, '44': 15, '45': 28, '28': 21, '43': 22, '40': 12, '41': 11, '35': 19, '84': 3, '36': 21, '18': 4, '82': 4, '83': 4, '33': 17, '77': 10, '76': 9, '75': 8, '74': 12, '73': 9, '72': 13, '71': 5, '70': 11, '29': 30, '79': 4, '78': 10, '39': 15, '38': 14, '59': 16, '22': 30, '19': 16, '54': 17, '31': 17, '56': 22, '37': 13, '50': 20, '53': 20, '34': 25, '55': 17, '89': 2, '88': 1, '32': 20, '57': 17, '65': 20}","{'56': 7, '28': 9, '22': 8, '50': 8, '60': 10, '61': 3, '62': 5, '63': 5, '64': 9, '53': 9, '66': 3, '67': 4, '68': 6, '69': 4, '80': 3, '34': 7, '85': 2, '24': 9, '25': 11, '26': 14, '27': 6, '20': 9, '21': 7, '48': 11, '49': 15, '46': 13, '47': 6, '44': 8, '45': 13, '42': 9, '43': 7, '40': 3, '41': 9, '18': 1, '23': 3, '76': 3, '75': 5, '74': 4, '73': 3, '72': 3, '71': 2, '70': 5, '29': 14, '78': 2, '39': 5, '38': 7, '59': 8, '58': 8, '55': 8, '19': 7, '54': 7, '57': 7, '30': 13, '51': 12, '36': 6, '35': 8, '52': 7, '33': 8, '37': 5, '88': 1, '32': 5, '31': 8, '65': 3}"
1973,"{'30': 79, '81': 7, '42': 52, '22': 80, '36': 67, '60': 53, '61': 34, '62': 37, '63': 40, '64': 51, '49': 64, '66': 33, '67': 28, '68': 37, '69': 30, '80': 6, '34': 66, '86': 1, '87': 2, '84': 4, '85': 4, '24': 72, '25': 72, '26': 80, '27': 74, '20': 62, '21': 68, '48': 61, '23': 64, '46': 63, '47': 50, '44': 44, '45': 62, '28': 59, '43': 53, '40': 39, '41': 42, '35': 58, '18': 11, '82': 5, '83': 8, '33': 46, '77': 20, '76': 19, '75': 20, '74': 41, '73': 23, '72': 28, '71': 20, '70': 31, '29': 78, '79': 12, '78': 17, '39': 46, '38': 51, '59': 51, '58': 52, '19': 52, '54': 53, '31': 52, '56': 62, '51': 53, '50': 47, '53': 49, '52': 60, '55': 41, '89': 3, '37': 46, '88': 2, '32': 47, '57': 43, '65': 39}","{'30': 57, '81': 7, '51': 33, '58': 36, '60': 36, '61': 26, '62': 24, '63': 29, '64': 34, '49': 42, '66': 28, '67': 20, '68': 28, '69': 21, '80': 3, '52': 42, '87': 2, '42': 36, '85': 2, '24': 53, '25': 52, '26': 58, '27': 55, '20': 43, '21': 51, '48': 41, '23': 57, '46': 45, '47': 40, '44': 28, '45': 46, '28': 44, '43': 42, '40': 32, '41': 27, '35': 42, '84': 4, '36': 50, '18': 9, '82': 5, '83': 7, '33': 31, '77': 18, '76': 15, '75': 13, '74': 32, '73': 18, '72': 23, '71': 15, '70': 24, '29': 59, '79': 10, '78': 14, '39': 37, '38': 31, '59': 35, '22': 63, '19': 39, '54': 38, '31': 36, '56': 51, '37': 34, '50': 33, '53': 38, '34': 48, '55': 32, '89': 3, '88': 1, '32': 36, '57': 31, '65': 33}","{'56': 11, '28': 15, '22': 17, '50': 14, '60': 17, '61': 8, '62': 13, '63': 11, '64': 17, '53': 11, '66': 5, '67': 8, '68': 9, '69': 9, '80': 3, '34': 18, '86': 1, '85': 2, '24': 19, '25': 20, '26': 22, '27': 19, '20': 19, '21': 17, '48': 20, '49': 22, '46': 18, '47': 10, '44': 16, '45': 16, '42': 16, '43': 11, '40': 7, '41': 15, '18': 2, '23': 7, '83': 1, '77': 2, '76': 4, '75': 7, '74': 9, '73': 5, '72': 5, '71': 5, '70': 7, '29': 19, '79': 2, '78': 3, '39': 9, '38': 20, '59': 16, '58': 16, '55': 9, '19': 13, '54': 15, '57': 12, '30': 22, '51': 20, '36': 17, '35': 16, '52': 18, '33': 15, '37': 12, '88': 1, '32': 11, '31': 16, '65': 6}"
1974,"{'30': 113, '81': 13, '42': 84, '22': 108, '36': 86, '60': 75, '61': 54, '62': 47, '63': 57, '64': 61, '49': 79, '66': 49, '67': 46, '68': 54, '69': 55, '80': 14, '34': 90, '86': 4, '87': 3, '84': 6, '85': 6, '24': 106, '25': 100, '26': 121, '27': 116, '20': 87, '21': 101, '48': 88, '23': 112, '46': 88, '47': 69, '44': 72, '45': 84, '28': 95, '43': 77, '40': 65, '41': 57, '35': 84, '18': 21, '82': 6, '83': 13, '33': 68, '77': 25, '76': 30, '75': 28, '74': 54, '73': 35, '72': 49, '71': 37, '70': 41, '29': 108, '79': 17, '78': 25, '39': 76, '38': 85, '59': 75, '58': 78, '19': 72, '54': 78, '31': 90, '56': 86, '51': 85, '50': 70, '53': 69, '52': 87, '55': 60, '89': 8, '37': 72, '88': 3, '32': 77, '57': 62, '65': 63}","{'30': 83, '81': 13, '51': 56, '58': 55, '60': 54, '61': 42, '62': 32, '63': 41, '64': 40, '49': 53, '66': 42, '67': 34, '68': 44, '69': 40, '80': 9, '52': 59, '86': 2, '87': 3, '42': 60, '85': 3, '24': 73, '25': 77, '26': 88, '27': 88, '20': 63, '21': 80, '48': 62, '23': 92, '46': 66, '47': 54, '44': 49, '45': 60, '28': 74, '43': 57, '40': 53, '41': 38, '35': 59, '84': 6, '36': 64, '18': 15, '82': 6, '83': 12, '33': 46, '77': 22, '76': 24, '75': 18, '74': 42, '73': 30, '72': 38, '71': 29, '70': 33, '29': 83, '79': 14, '78': 21, '39': 60, '38': 59, '59': 53, '22': 84, '19': 55, '54': 56, '31': 66, '56': 69, '37': 52, '50': 50, '53': 51, '34': 70, '55': 44, '89': 6, '88': 2, '32': 62, '57': 45, '65': 49}","{'56': 17, '28': 21, '22': 24, '50': 20, '60': 21, '61': 12, '62': 15, '63': 16, '64': 21, '53': 18, '66': 7, '67': 12, '68': 10, '69': 15, '80': 5, '34': 20, '86': 2, '85': 3, '24': 33, '25': 23, '26': 33, '27': 28, '20': 24, '21': 21, '48': 26, '49': 26, '46': 22, '47': 15, '44': 23, '45': 24, '42': 24, '43': 20, '40': 12, '41': 19, '18': 6, '23': 20, '83': 1, '77': 3, '76': 6, '75': 10, '74': 12, '73': 5, '72': 11, '71': 8, '70': 8, '29': 25, '79': 3, '78': 4, '39': 16, '38': 26, '59': 22, '58': 23, '55': 16, '19': 17, '54': 22, '57': 17, '30': 30, '51': 29, '36': 22, '35': 25, '52': 28, '33': 22, '89': 2, '37': 20, '88': 1, '32': 15, '31': 24, '65': 14}"
1975,"{'30': 142, '81': 21, '42': 104, '22': 139, '36': 110, '60': 93, '61': 67, '62': 73, '63': 75, '64': 79, '49': 100, '66': 73, '67': 66, '68': 69, '69': 75, '80': 20, '34': 116, '86': 7, '87': 4, '84': 9, '85': 10, '24': 148, '25': 146, '26': 156, '27': 154, '20': 120, '21': 127, '48': 110, '23': 146, '46': 118, '47': 81, '44': 89, '45': 109, '28': 129, '43': 110, '40': 98, '41': 84, '35': 107, '18': 31, '82': 10, '83': 17, '33': 101, '77': 37, '76': 42, '75': 31, '74': 64, '73': 45, '72': 60, '71': 44, '70': 68, '29': 142, '79': 22, '78': 31, '39': 94, '38': 115, '59': 96, '58': 102, '19': 110, '54': 102, '31': 108, '56': 102, '51': 104, '50': 101, '53': 90, '52': 111, '55': 79, '89': 10, '37': 89, '88': 4, '32': 114, '57': 82, '65': 82}","{'30': 106, '81': 18, '51': 68, '58': 72, '60': 66, '61': 52, '62': 51, '63': 56, '64': 54, '49': 67, '66': 59, '67': 52, '68': 55, '69': 56, '80': 15, '52': 77, '86': 5, '87': 3, '42': 71, '85': 5, '24': 103, '25': 113, '26': 116, '27': 119, '20': 88, '21': 104, '48': 76, '23': 119, '46': 88, '47': 64, '44': 60, '45': 77, '28': 102, '43': 83, '40': 80, '41': 56, '35': 74, '84': 9, '36': 83, '18': 20, '82': 9, '83': 15, '33': 74, '77': 29, '76': 32, '75': 19, '74': 49, '73': 37, '72': 47, '71': 35, '70': 55, '29': 110, '79': 19, '78': 24, '39': 73, '38': 80, '59': 68, '22': 110, '19': 85, '54': 77, '31': 76, '56': 82, '37': 63, '50': 76, '53': 70, '34': 92, '55': 57, '89': 8, '88': 3, '32': 88, '57': 59, '65': 62}","{'56': 20, '81': 3, '28': 27, '22': 29, '50': 25, '60': 27, '61': 15, '62': 22, '63': 19, '64': 25, '53': 20, '66': 14, '67': 14, '68': 14, '69': 19, '80': 5, '34': 24, '86': 2, '87': 1, '85': 5, '24': 45, '25': 33, '26': 40, '27': 35, '20': 32, '21': 23, '48': 34, '49': 33, '46': 30, '47': 17, '44': 29, '45': 32, '42': 33, '43': 27, '40': 18, '41': 28, '82': 1, '18': 11, '23': 27, '83': 2, '77': 8, '76': 10, '75': 12, '74': 15, '73': 8, '72': 13, '71': 9, '70': 13, '29': 32, '79': 3, '78': 7, '39': 21, '38': 35, '59': 28, '58': 30, '55': 22, '19': 25, '54': 25, '57': 23, '30': 36, '51': 36, '36': 27, '35': 33, '52': 34, '33': 27, '89': 2, '37': 26, '88': 1, '32': 26, '31': 32, '65': 20}"
1976,"{'30': 175, '81': 26, '42': 123, '22': 165, '36': 144, '60': 114, '61': 94, '62': 101, '63': 91, '64': 103, '49': 120, '66': 90, '67': 91, '68': 80, '69': 88, '80': 29, '34': 153, '86': 13, '87': 8, '84': 16, '85': 14, '24': 189, '25': 179, '26': 185, '27': 192, '20': 152, '21': 155, '48': 130, '23': 179, '46': 140, '47': 100, '44': 104, '45': 131, '28': 170, '43': 126, '40': 116, '41': 110, '35': 130, '18': 39, '82': 14, '83': 21, '33': 128, '77': 47, '76': 58, '75': 40, '74': 73, '73': 61, '72': 76, '71': 55, '70': 88, '29': 180, '79': 32, '78': 43, '39': 121, '38': 141, '59': 114, '58': 130, '19': 143, '54': 120, '31': 132, '56': 124, '51': 125, '50': 114, '53': 122, '52': 137, '55': 102, '89': 17, '37': 112, '88': 5, '32': 153, '57': 100, '65': 98}","{'30': 132, '81': 22, '51': 81, '58': 94, '60': 82, '61': 72, '62': 69, '63': 68, '64': 72, '49': 79, '66': 71, '67': 67, '68': 65, '69': 65, '80': 23, '52': 95, '86': 10, '87': 5, '42': 86, '85': 8, '24': 135, '25': 137, '26': 131, '27': 149, '20': 114, '21': 127, '48': 91, '23': 143, '46': 106, '47': 78, '44': 72, '45': 93, '28': 128, '43': 96, '40': 94, '41': 73, '35': 91, '84': 15, '36': 103, '18': 26, '82': 12, '83': 18, '33': 95, '77': 37, '76': 46, '75': 25, '74': 58, '73': 47, '72': 59, '71': 43, '70': 67, '29': 140, '79': 27, '78': 34, '39': 94, '38': 98, '59': 82, '22': 128, '19': 110, '54': 86, '31': 96, '56': 96, '37': 81, '50': 86, '53': 92, '34': 119, '55': 71, '89': 11, '88': 3, '32': 118, '57': 72, '65': 72}","{'56': 28, '81': 4, '28': 42, '22': 37, '50': 28, '60': 32, '61': 22, '62': 32, '63': 23, '64': 31, '53': 30, '66': 19, '67': 24, '68': 15, '69': 23, '80': 6, '34': 34, '86': 3, '87': 3, '84': 1, '85': 6, '24': 54, '25': 42, '26': 54, '27': 43, '20': 38, '21': 28, '48': 39, '49': 41, '46': 34, '47': 22, '44': 32, '45': 38, '42': 37, '43': 30, '40': 22, '41': 37, '82': 2, '18': 13, '23': 36, '83': 3, '77': 10, '76': 12, '75': 15, '74': 15, '73': 14, '72': 17, '71': 12, '70': 21, '29': 40, '79': 5, '78': 9, '39': 27, '38': 43, '59': 32, '58': 36, '55': 31, '19': 33, '54': 34, '57': 28, '30': 43, '51': 44, '36': 41, '35': 39, '52': 42, '33': 33, '89': 6, '37': 31, '88': 2, '32': 35, '31': 36, '65': 26}"
1977,"{'30': 215, '81': 31, '42': 159, '22': 201, '36': 176, '60': 132, '61': 111, '62': 120, '63': 117, '64': 118, '49': 150, '66': 106, '67': 110, '68': 98, '69': 101, '80': 32, '34': 188, '86': 15, '87': 10, '84': 17, '85': 17, '24': 217, '25': 212, '26': 232, '27': 225, '20': 190, '21': 180, '48': 154, '23': 214, '46': 161, '47': 118, '44': 125, '45': 160, '28': 202, '43': 146, '40': 142, '41': 136, '35': 158, '18': 42, '82': 17, '83': 24, '33': 167, '77': 56, '76': 68, '75': 50, '74': 88, '73': 79, '72': 88, '71': 73, '70': 99, '29': 205, '79': 38, '78': 48, '39': 146, '38': 166, '59': 142, '58': 163, '19': 169, '54': 148, '31': 157, '56': 148, '51': 145, '50': 142, '53': 153, '52': 155, '55': 126, '89': 18, '37': 143, '88': 6, '32': 172, '57': 129, '65': 117}","{'30': 166, '81': 25, '51': 94, '58': 117, '60': 96, '61': 84, '62': 83, '63': 85, '64': 84, '49': 101, '66': 84, '67': 81, '68': 80, '69': 74, '80': 25, '52': 105, '86': 12, '87': 7, '42': 108, '85': 10, '24': 157, '25': 163, '26': 166, '27': 177, '20': 140, '21': 140, '48': 111, '23': 169, '46': 124, '47': 91, '44': 84, '45': 108, '28': 153, '43': 111, '40': 113, '41': 91, '35': 113, '84': 16, '36': 120, '18': 28, '82': 14, '83': 21, '33': 129, '77': 43, '76': 55, '75': 30, '74': 71, '73': 63, '72': 69, '71': 60, '70': 76, '29': 159, '79': 32, '78': 38, '39': 108, '38': 116, '59': 97, '22': 150, '19': 128, '54': 110, '31': 115, '56': 112, '37': 102, '50': 112, '53': 114, '34': 142, '55': 89, '89': 12, '88': 3, '32': 132, '57': 96, '65': 87}","{'56': 36, '81': 6, '28': 49, '22': 51, '50': 30, '60': 36, '61': 27, '62': 37, '63': 32, '64': 34, '53': 39, '66': 22, '67': 29, '68': 18, '69': 27, '80': 7, '34': 46, '86': 3, '87': 3, '84': 1, '85': 7, '24': 60, '25': 49, '26': 66, '27': 48, '20': 50, '21': 40, '48': 43, '49': 49, '46': 37, '47': 27, '44': 41, '45': 52, '42': 51, '43': 35, '40': 29, '41': 45, '82': 3, '18': 14, '23': 45, '83': 3, '77': 13, '76': 13, '75': 20, '74': 17, '73': 16, '72': 19, '71': 13, '70': 23, '29': 46, '79': 6, '78': 10, '39': 38, '38': 50, '59': 45, '58': 46, '55': 37, '19': 41, '54': 38, '57': 33, '30': 49, '51': 51, '36': 56, '35': 45, '52': 50, '33': 38, '89': 6, '37': 41, '88': 3, '32': 40, '31': 42, '65': 30}"
1980,"{'30': 253, '81': 37, '42': 178, '22': 239, '36': 208, '60': 150, '61': 128, '62': 136, '63': 140, '64': 134, '49': 178, '66': 129, '67': 136, '68': 117, '69': 117, '80': 37, '34': 219, '86': 19, '87': 14, '84': 20, '85': 19, '24': 256, '25': 234, '26': 259, '27': 267, '20': 216, '21': 211, '48': 172, '23': 244, '46': 178, '47': 137, '44': 150, '45': 180, '28': 235, '43': 161, '40': 167, '41': 156, '35': 186, '18': 44, '82': 22, '83': 30, '33': 212, '77': 69, '76': 80, '75': 59, '74': 96, '73': 88, '72': 99, '71': 92, '70': 116, '29': 242, '79': 43, '78': 52, '39': 164, '38': 185, '59': 164, '58': 186, '19': 197, '54': 166, '31': 191, '56': 170, '51': 164, '50': 160, '53': 172, '52': 171, '55': 146, '89': 23, '37': 177, '88': 8, '32': 209, '57': 156, '65': 143}","{'30': 191, '81': 29, '51': 104, '58': 133, '60': 110, '61': 97, '62': 91, '63': 101, '64': 97, '49': 116, '66': 99, '67': 96, '68': 90, '69': 85, '80': 30, '52': 118, '86': 14, '87': 11, '42': 121, '85': 12, '24': 185, '25': 177, '26': 187, '27': 206, '20': 158, '21': 161, '48': 121, '23': 195, '46': 133, '47': 106, '44': 100, '45': 122, '28': 177, '43': 120, '40': 132, '41': 107, '35': 134, '84': 18, '36': 141, '18': 30, '82': 18, '83': 26, '33': 165, '77': 54, '76': 67, '75': 36, '74': 76, '73': 68, '72': 77, '71': 79, '70': 88, '29': 187, '79': 36, '78': 42, '39': 122, '38': 130, '59': 113, '22': 178, '19': 148, '54': 122, '31': 143, '56': 126, '37': 128, '50': 124, '53': 126, '34': 165, '55': 101, '89': 15, '88': 3, '32': 157, '57': 112, '65': 107}","{'56': 44, '81': 8, '28': 58, '22': 61, '50': 36, '60': 40, '61': 31, '62': 45, '63': 39, '64': 37, '53': 46, '66': 30, '67': 40, '68': 27, '69': 32, '80': 7, '34': 54, '86': 5, '87': 3, '84': 2, '85': 7, '24': 71, '25': 57, '26': 72, '27': 61, '20': 58, '21': 50, '48': 51, '49': 62, '46': 45, '47': 31, '44': 50, '45': 58, '42': 57, '43': 41, '40': 35, '41': 49, '82': 4, '18': 14, '23': 49, '83': 4, '77': 15, '76': 13, '75': 23, '74': 20, '73': 20, '72': 22, '71': 13, '70': 28, '29': 55, '79': 7, '78': 10, '39': 42, '38': 55, '59': 51, '58': 53, '55': 45, '19': 49, '54': 44, '57': 44, '30': 62, '51': 60, '36': 67, '35': 52, '52': 53, '33': 47, '89': 8, '37': 49, '88': 5, '32': 52, '31': 48, '65': 36}"
1982,"{'30': 304, '81': 45, '42': 203, '22': 274, '36': 239, '60': 174, '61': 159, '62': 153, '63': 165, '64': 156, '49': 205, '66': 148, '67': 159, '68': 143, '69': 138, '80': 47, '34': 256, '86': 24, '87': 18, '84': 26, '85': 24, '24': 297, '25': 290, '26': 306, '27': 327, '20': 241, '21': 251, '48': 195, '23': 288, '46': 203, '47': 161, '44': 175, '45': 197, '28': 286, '43': 183, '40': 195, '41': 185, '35': 224, '18': 50, '82': 29, '83': 34, '33': 240, '77': 81, '76': 91, '75': 73, '74': 109, '73': 108, '72': 111, '71': 114, '70': 137, '29': 297, '79': 54, '78': 61, '39': 191, '38': 217, '59': 193, '58': 217, '19': 230, '54': 196, '31': 238, '56': 207, '51': 184, '50': 184, '53': 193, '52': 201, '55': 167, '89': 31, '37': 214, '88': 11, '32': 246, '57': 181, '65': 163}","{'30': 226, '81': 37, '51': 116, '58': 155, '60': 124, '61': 117, '62': 106, '63': 119, '64': 114, '49': 133, '66': 115, '67': 112, '68': 108, '69': 97, '80': 38, '52': 139, '86': 18, '87': 14, '42': 140, '85': 16, '24': 218, '25': 222, '26': 223, '27': 251, '20': 176, '21': 194, '48': 138, '23': 227, '46': 151, '47': 124, '44': 119, '45': 136, '28': 217, '43': 135, '40': 151, '41': 128, '35': 166, '84': 23, '36': 167, '18': 35, '82': 24, '83': 30, '33': 186, '77': 65, '76': 73, '75': 45, '74': 84, '73': 83, '72': 86, '71': 94, '70': 103, '29': 223, '79': 43, '78': 48, '39': 140, '38': 156, '59': 134, '22': 204, '19': 175, '54': 144, '31': 182, '56': 152, '37': 156, '50': 140, '53': 139, '34': 194, '55': 116, '89': 20, '88': 6, '32': 188, '57': 133, '65': 122}","{'56': 55, '81': 8, '28': 69, '22': 70, '50': 44, '60': 50, '61': 42, '62': 47, '63': 46, '64': 42, '53': 54, '66': 33, '67': 47, '68': 35, '69': 41, '80': 9, '34': 62, '86': 6, '87': 4, '84': 3, '85': 8, '24': 79, '25': 68, '26': 83, '27': 76, '20': 65, '21': 57, '48': 57, '49': 72, '46': 52, '47': 37, '44': 56, '45': 61, '42': 63, '43': 48, '40': 44, '41': 57, '82': 5, '18': 15, '23': 61, '83': 4, '77': 16, '76': 18, '75': 28, '74': 25, '73': 25, '72': 25, '71': 20, '70': 34, '29': 74, '79': 11, '78': 13, '39': 51, '38': 61, '59': 59, '58': 62, '55': 51, '19': 55, '54': 52, '57': 48, '30': 78, '51': 68, '36': 72, '35': 58, '52': 62, '33': 54, '89': 11, '37': 58, '88': 5, '32': 58, '31': 56, '65': 41}"
1984,"{'30': 332, '81': 57, '42': 224, '22': 302, '36': 279, '60': 201, '61': 178, '62': 173, '63': 179, '64': 168, '49': 226, '66': 162, '67': 183, '68': 166, '69': 147, '80': 50, '34': 286, '86': 26, '87': 19, '84': 30, '85': 26, '24': 343, '25': 328, '26': 337, '27': 370, '20': 263, '21': 286, '48': 217, '23': 336, '46': 220, '47': 180, '44': 198, '45': 216, '28': 322, '43': 208, '40': 223, '41': 210, '35': 259, '18': 52, '82': 36, '83': 39, '33': 279, '77': 94, '76': 104, '75': 82, '74': 122, '73': 114, '72': 123, '71': 126, '70': 155, '29': 329, '79': 57, '78': 67, '39': 215, '38': 248, '59': 208, '58': 240, '19': 249, '54': 213, '31': 264, '56': 225, '51': 200, '50': 192, '53': 207, '52': 221, '55': 185, '89': 37, '37': 252, '88': 13, '32': 283, '57': 200, '65': 180}","{'30': 249, '81': 48, '51': 128, '58': 169, '60': 143, '61': 129, '62': 119, '63': 127, '64': 122, '49': 149, '66': 129, '67': 129, '68': 126, '69': 105, '80': 40, '52': 152, '86': 20, '87': 15, '42': 149, '85': 17, '24': 246, '25': 255, '26': 245, '27': 283, '20': 191, '21': 223, '48': 157, '23': 264, '46': 160, '47': 140, '44': 138, '45': 147, '28': 247, '43': 150, '40': 173, '41': 142, '35': 191, '84': 27, '36': 192, '18': 37, '82': 30, '83': 33, '33': 219, '77': 72, '76': 82, '75': 50, '74': 92, '73': 87, '72': 97, '71': 105, '70': 119, '29': 244, '79': 45, '78': 53, '39': 156, '38': 178, '59': 147, '22': 222, '19': 190, '54': 150, '31': 199, '56': 167, '37': 186, '50': 145, '53': 148, '34': 217, '55': 127, '89': 25, '88': 8, '32': 213, '57': 147, '65': 138}","{'56': 58, '81': 9, '28': 75, '22': 80, '50': 47, '60': 58, '61': 49, '62': 54, '63': 52, '64': 46, '53': 59, '66': 33, '67': 54, '68': 40, '69': 42, '80': 10, '34': 69, '86': 6, '87': 4, '84': 3, '85': 9, '24': 97, '25': 73, '26': 92, '27': 87, '20': 72, '21': 63, '48': 60, '49': 77, '46': 60, '47': 40, '44': 60, '45': 69, '42': 75, '43': 58, '40': 50, '41': 68, '82': 6, '18': 15, '23': 72, '83': 6, '77': 22, '76': 22, '75': 32, '74': 30, '73': 27, '72': 26, '71': 21, '70': 36, '29': 85, '79': 12, '78': 14, '39': 59, '38': 70, '59': 61, '58': 71, '55': 58, '19': 59, '54': 63, '57': 53, '30': 83, '51': 72, '36': 87, '35': 68, '52': 69, '33': 60, '89': 12, '37': 66, '88': 5, '32': 70, '31': 65, '65': 42}"
1985,"{'30': 369, '81': 68, '42': 247, '22': 328, '36': 310, '60': 220, '61': 197, '62': 196, '63': 206, '64': 184, '49': 249, '66': 177, '67': 206, '68': 181, '69': 168, '80': 57, '34': 317, '86': 27, '87': 26, '84': 36, '85': 32, '24': 367, '25': 368, '26': 374, '27': 416, '20': 293, '21': 311, '48': 234, '23': 369, '46': 245, '47': 195, '44': 218, '45': 234, '28': 362, '43': 230, '40': 253, '41': 235, '35': 291, '18': 56, '82': 41, '83': 44, '33': 312, '77': 104, '76': 114, '75': 95, '74': 133, '73': 125, '72': 135, '71': 142, '70': 176, '29': 357, '79': 65, '78': 79, '39': 245, '38': 280, '59': 235, '58': 268, '19': 264, '54': 233, '31': 294, '56': 247, '51': 234, '50': 213, '53': 227, '52': 236, '55': 198, '89': 42, '37': 288, '88': 13, '32': 331, '57': 219, '65': 204}","{'30': 279, '81': 55, '51': 153, '58': 190, '60': 157, '61': 143, '62': 134, '63': 148, '64': 134, '49': 168, '66': 139, '67': 145, '68': 137, '69': 119, '80': 44, '52': 163, '86': 21, '87': 20, '42': 167, '85': 23, '24': 260, '25': 286, '26': 275, '27': 318, '20': 209, '21': 240, '48': 164, '23': 292, '46': 179, '47': 147, '44': 154, '45': 156, '28': 278, '43': 163, '40': 196, '41': 155, '35': 215, '84': 31, '36': 216, '18': 40, '82': 35, '83': 37, '33': 242, '77': 76, '76': 91, '75': 62, '74': 102, '73': 96, '72': 105, '71': 116, '70': 135, '29': 265, '79': 51, '78': 64, '39': 175, '38': 204, '59': 166, '22': 239, '19': 204, '54': 167, '31': 219, '56': 181, '37': 210, '50': 161, '53': 161, '34': 240, '55': 138, '89': 27, '88': 8, '32': 254, '57': 162, '65': 156}","{'56': 66, '81': 13, '28': 84, '22': 89, '50': 52, '60': 63, '61': 54, '62': 62, '63': 58, '64': 50, '53': 66, '66': 38, '67': 61, '68': 44, '69': 49, '80': 13, '34': 77, '86': 6, '87': 6, '84': 5, '85': 9, '24': 107, '25': 82, '26': 99, '27': 98, '20': 84, '21': 71, '48': 70, '49': 81, '46': 66, '47': 48, '44': 64, '45': 78, '42': 80, '43': 67, '40': 57, '41': 80, '82': 6, '18': 16, '23': 77, '83': 7, '77': 28, '76': 23, '75': 33, '74': 31, '73': 29, '72': 30, '71': 26, '70': 41, '29': 92, '79': 14, '78': 15, '39': 70, '38': 76, '59': 69, '58': 78, '55': 60, '19': 60, '54': 66, '57': 57, '30': 90, '51': 81, '36': 94, '35': 76, '52': 73, '33': 70, '89': 15, '37': 78, '88': 5, '32': 77, '31': 75, '65': 48}"
1987,"{'30': 421, '81': 73, '42': 274, '22': 360, '36': 350, '60': 239, '61': 212, '62': 222, '63': 226, '64': 207, '49': 266, '66': 203, '67': 223, '68': 203, '69': 188, '80': 64, '34': 379, '86': 34, '87': 29, '84': 41, '85': 38, '24': 400, '25': 406, '26': 411, '27': 458, '20': 316, '21': 342, '48': 263, '23': 416, '46': 281, '47': 213, '44': 243, '45': 276, '28': 406, '43': 262, '40': 294, '41': 263, '35': 337, '18': 61, '82': 45, '83': 51, '33': 347, '77': 118, '76': 126, '75': 110, '74': 144, '73': 146, '72': 151, '71': 164, '70': 195, '29': 400, '79': 73, '78': 95, '39': 286, '38': 320, '59': 255, '58': 289, '19': 294, '54': 250, '31': 335, '56': 258, '51': 260, '50': 234, '53': 257, '52': 256, '55': 224, '89': 48, '37': 325, '88': 16, '32': 372, '57': 238, '65': 232}","{'30': 321, '81': 59, '51': 170, '58': 204, '60': 172, '61': 153, '62': 154, '63': 164, '64': 149, '49': 178, '66': 159, '67': 158, '68': 148, '69': 132, '80': 49, '52': 178, '86': 27, '87': 23, '42': 185, '85': 26, '24': 287, '25': 319, '26': 307, '27': 352, '20': 224, '21': 265, '48': 184, '23': 330, '46': 204, '47': 160, '44': 172, '45': 188, '28': 314, '43': 186, '40': 225, '41': 176, '35': 252, '84': 33, '36': 241, '18': 45, '82': 37, '83': 44, '33': 268, '77': 88, '76': 100, '75': 70, '74': 108, '73': 113, '72': 118, '71': 129, '70': 148, '29': 291, '79': 58, '78': 76, '39': 206, '38': 232, '59': 178, '22': 260, '19': 226, '54': 183, '31': 251, '56': 188, '37': 234, '50': 176, '53': 180, '34': 289, '55': 155, '89': 33, '88': 10, '32': 281, '57': 178, '65': 177}","{'56': 70, '81': 14, '28': 92, '22': 100, '50': 58, '60': 67, '61': 59, '62': 68, '63': 62, '64': 58, '53': 77, '66': 44, '67': 65, '68': 55, '69': 56, '80': 15, '34': 90, '86': 7, '87': 6, '84': 8, '85': 12, '24': 113, '25': 87, '26': 104, '27': 106, '20': 92, '21': 77, '48': 79, '49': 88, '46': 77, '47': 53, '44': 71, '45': 88, '42': 89, '43': 76, '40': 69, '41': 87, '82': 8, '18': 16, '23': 86, '83': 7, '77': 30, '76': 26, '75': 40, '74': 36, '73': 33, '72': 33, '71': 35, '70': 47, '29': 109, '79': 15, '78': 19, '39': 80, '38': 88, '59': 77, '58': 85, '55': 69, '19': 68, '54': 67, '57': 60, '30': 100, '51': 90, '36': 109, '35': 85, '52': 78, '33': 79, '89': 15, '37': 91, '88': 6, '32': 91, '31': 84, '65': 55}"
1988,"{'30': 446, '81': 77, '42': 299, '22': 381, '36': 373, '60': 253, '61': 229, '62': 240, '63': 237, '64': 221, '49': 281, '66': 217, '67': 235, '68': 214, '69': 199, '80': 65, '34': 396, '86': 35, '87': 33, '84': 43, '85': 43, '24': 420, '25': 429, '26': 432, '27': 486, '20': 332, '21': 361, '48': 270, '23': 434, '46': 291, '47': 223, '44': 264, '45': 296, '28': 428, '43': 275, '40': 313, '41': 285, '35': 360, '18': 63, '82': 47, '83': 55, '33': 370, '77': 126, '76': 137, '75': 118, '74': 151, '73': 154, '72': 158, '71': 172, '70': 204, '29': 418, '79': 81, '78': 106, '39': 298, '38': 349, '59': 262, '58': 301, '19': 312, '54': 254, '31': 356, '56': 265, '51': 270, '50': 247, '53': 265, '52': 266, '55': 238, '89': 53, '37': 351, '88': 18, '32': 392, '57': 245, '65': 240}","{'30': 341, '81': 63, '51': 178, '58': 213, '60': 183, '61': 163, '62': 169, '63': 172, '64': 161, '49': 188, '66': 172, '67': 167, '68': 158, '69': 140, '80': 49, '52': 185, '86': 28, '87': 26, '42': 203, '85': 31, '24': 301, '25': 338, '26': 324, '27': 372, '20': 236, '21': 280, '48': 189, '23': 341, '46': 209, '47': 167, '44': 187, '45': 204, '28': 332, '43': 195, '40': 240, '41': 192, '35': 269, '84': 35, '36': 256, '18': 46, '82': 37, '83': 46, '33': 285, '77': 95, '76': 107, '75': 78, '74': 113, '73': 121, '72': 125, '71': 135, '70': 156, '29': 302, '79': 64, '78': 84, '39': 215, '38': 251, '59': 183, '22': 275, '19': 240, '54': 187, '31': 267, '56': 192, '37': 255, '50': 187, '53': 188, '34': 303, '55': 166, '89': 38, '88': 11, '32': 297, '57': 183, '65': 183}","{'56': 73, '81': 14, '28': 96, '22': 106, '50': 60, '60': 70, '61': 66, '62': 71, '63': 65, '64': 60, '53': 77, '66': 45, '67': 68, '68': 56, '69': 59, '80': 16, '34': 93, '86': 7, '87': 7, '84': 8, '85': 12, '24': 119, '25': 91, '26': 108, '27': 114, '20': 96, '21': 81, '48': 81, '49': 93, '46': 82, '47': 56, '44': 77, '45': 92, '42': 96, '43': 80, '40': 73, '41': 93, '82': 10, '18': 17, '23': 93, '83': 9, '77': 31, '76': 30, '75': 40, '74': 38, '73': 33, '72': 33, '71': 37, '70': 48, '29': 116, '79': 17, '78': 22, '39': 83, '38': 98, '59': 79, '58': 88, '55': 72, '19': 72, '54': 67, '57': 62, '30': 105, '51': 92, '36': 117, '35': 91, '52': 81, '33': 85, '89': 15, '37': 96, '88': 7, '32': 95, '31': 89, '65': 57}"
1989,"{'30': 471, '81': 83, '42': 323, '22': 396, '36': 402, '60': 270, '61': 238, '62': 252, '63': 252, '64': 230, '49': 299, '66': 235, '67': 250, '68': 231, '69': 212, '80': 70, '34': 408, '86': 36, '87': 36, '84': 44, '85': 47, '24': 437, '25': 442, '26': 449, '27': 502, '20': 346, '21': 383, '48': 290, '23': 456, '46': 302, '47': 239, '44': 283, '45': 316, '28': 453, '43': 290, '40': 331, '41': 306, '35': 381, '18': 66, '82': 53, '83': 56, '33': 394, '77': 135, '76': 147, '75': 130, '74': 165, '73': 157, '72': 176, '71': 176, '70': 216, '29': 442, '79': 87, '78': 113, '39': 319, '38': 377, '59': 271, '58': 311, '19': 333, '54': 265, '31': 384, '56': 275, '51': 289, '50': 264, '53': 277, '52': 275, '55': 251, '89': 58, '37': 369, '88': 21, '32': 417, '57': 255, '65': 255}","{'30': 361, '81': 69, '51': 192, '58': 220, '60': 199, '61': 170, '62': 180, '63': 183, '64': 168, '49': 200, '66': 184, '67': 179, '68': 173, '69': 152, '80': 53, '52': 193, '86': 29, '87': 28, '42': 223, '85': 35, '24': 316, '25': 351, '26': 338, '27': 387, '20': 246, '21': 298, '48': 204, '23': 355, '46': 218, '47': 178, '44': 198, '45': 220, '28': 354, '43': 206, '40': 256, '41': 209, '35': 281, '84': 36, '36': 278, '18': 49, '82': 41, '83': 47, '33': 302, '77': 102, '76': 116, '75': 89, '74': 125, '73': 123, '72': 141, '71': 137, '70': 167, '29': 321, '79': 68, '78': 91, '39': 230, '38': 273, '59': 191, '22': 287, '19': 252, '54': 196, '31': 289, '56': 200, '37': 266, '50': 201, '53': 198, '34': 312, '55': 177, '89': 43, '88': 14, '32': 318, '57': 192, '65': 194}","{'56': 75, '81': 14, '28': 99, '22': 109, '50': 63, '60': 71, '61': 68, '62': 72, '63': 69, '64': 62, '53': 79, '66': 51, '67': 71, '68': 58, '69': 60, '80': 17, '34': 96, '86': 7, '87': 8, '84': 8, '85': 12, '24': 121, '25': 91, '26': 111, '27': 115, '20': 100, '21': 85, '48': 86, '49': 99, '46': 84, '47': 61, '44': 85, '45': 96, '42': 100, '43': 84, '40': 75, '41': 97, '82': 12, '18': 17, '23': 101, '83': 9, '77': 33, '76': 31, '75': 41, '74': 40, '73': 34, '72': 35, '71': 39, '70': 49, '29': 121, '79': 19, '78': 22, '39': 89, '38': 104, '59': 80, '58': 91, '55': 74, '19': 81, '54': 69, '57': 63, '30': 110, '51': 97, '36': 124, '35': 100, '52': 82, '33': 92, '89': 15, '37': 103, '88': 7, '32': 99, '31': 95, '65': 61}"
1990,"{'30': 494, '81': 88, '42': 340, '22': 419, '36': 425, '60': 281, '61': 249, '62': 263, '63': 263, '64': 241, '49': 309, '66': 245, '67': 261, '68': 242, '69': 228, '80': 72, '34': 434, '86': 37, '87': 38, '84': 49, '85': 49, '24': 453, '25': 460, '26': 459, '27': 516, '20': 365, '21': 396, '48': 305, '23': 466, '46': 316, '47': 256, '44': 300, '45': 327, '28': 475, '43': 311, '40': 354, '41': 328, '35': 405, '18': 68, '82': 57, '83': 62, '33': 419, '77': 147, '76': 154, '75': 136, '74': 182, '73': 170, '72': 186, '71': 181, '70': 225, '29': 462, '79': 94, '78': 122, '39': 332, '38': 401, '59': 279, '58': 318, '19': 347, '54': 273, '31': 403, '56': 289, '51': 299, '50': 271, '53': 288, '52': 285, '55': 255, '89': 64, '37': 386, '88': 24, '32': 441, '57': 265, '65': 264}","{'30': 377, '81': 73, '51': 200, '58': 226, '60': 208, '61': 177, '62': 190, '63': 192, '64': 178, '49': 208, '66': 190, '67': 189, '68': 183, '69': 164, '80': 55, '52': 202, '86': 30, '87': 30, '42': 237, '85': 37, '24': 328, '25': 365, '26': 347, '27': 399, '20': 262, '21': 308, '48': 214, '23': 365, '46': 228, '47': 191, '44': 211, '45': 229, '28': 373, '43': 222, '40': 275, '41': 226, '35': 299, '84': 41, '36': 296, '18': 51, '82': 44, '83': 52, '33': 321, '77': 109, '76': 123, '75': 95, '74': 138, '73': 135, '72': 147, '71': 142, '70': 171, '29': 336, '79': 75, '78': 99, '39': 241, '38': 291, '59': 196, '22': 310, '19': 266, '54': 201, '31': 305, '56': 211, '37': 280, '50': 207, '53': 208, '34': 331, '55': 181, '89': 48, '88': 16, '32': 335, '57': 200, '65': 201}","{'56': 78, '81': 15, '28': 102, '22': 109, '50': 64, '60': 73, '61': 72, '62': 73, '63': 71, '64': 63, '53': 80, '66': 55, '67': 72, '68': 59, '69': 64, '80': 17, '34': 103, '86': 7, '87': 8, '84': 8, '85': 12, '24': 125, '25': 95, '26': 112, '27': 117, '20': 103, '21': 88, '48': 91, '49': 101, '46': 88, '47': 65, '44': 89, '45': 98, '42': 103, '43': 89, '40': 79, '41': 102, '82': 13, '18': 17, '23': 101, '83': 10, '77': 38, '76': 31, '75': 41, '74': 44, '73': 35, '72': 39, '71': 39, '70': 54, '29': 126, '79': 19, '78': 23, '39': 91, '38': 110, '59': 83, '58': 92, '55': 74, '19': 81, '54': 72, '57': 65, '30': 117, '51': 99, '36': 129, '35': 106, '52': 83, '33': 98, '89': 16, '37': 106, '88': 8, '32': 106, '31': 98, '65': 63}"
1991,"{'30': 518, '81': 95, '42': 364, '22': 444, '36': 450, '60': 290, '61': 257, '62': 272, '63': 279, '64': 249, '49': 324, '66': 254, '67': 275, '68': 256, '69': 240, '80': 80, '34': 456, '86': 37, '87': 42, '84': 51, '85': 53, '24': 466, '25': 480, '26': 482, '27': 536, '20': 378, '21': 426, '48': 328, '23': 484, '46': 322, '47': 273, '44': 318, '45': 335, '28': 499, '43': 336, '40': 374, '41': 350, '35': 435, '18': 70, '82': 65, '83': 64, '33': 438, '77': 154, '76': 162, '75': 140, '74': 192, '73': 187, '72': 199, '71': 194, '70': 235, '29': 479, '79': 97, '78': 131, '39': 355, '38': 423, '59': 288, '58': 326, '19': 355, '54': 287, '31': 428, '56': 299, '51': 307, '50': 285, '53': 297, '52': 296, '55': 266, '89': 70, '37': 407, '88': 26, '32': 466, '57': 276, '65': 271}","{'30': 393, '81': 77, '51': 206, '58': 233, '60': 217, '61': 183, '62': 196, '63': 206, '64': 184, '49': 219, '66': 197, '67': 200, '68': 196, '69': 175, '80': 62, '52': 211, '86': 30, '87': 33, '42': 258, '85': 41, '24': 340, '25': 384, '26': 364, '27': 415, '20': 271, '21': 331, '48': 233, '23': 379, '46': 232, '47': 205, '44': 229, '45': 237, '28': 394, '43': 243, '40': 292, '41': 246, '35': 320, '84': 42, '36': 319, '18': 53, '82': 50, '83': 54, '33': 336, '77': 115, '76': 130, '75': 98, '74': 142, '73': 147, '72': 158, '71': 155, '70': 180, '29': 351, '79': 78, '78': 108, '39': 260, '38': 308, '59': 204, '22': 329, '19': 271, '54': 214, '31': 328, '56': 220, '37': 296, '50': 218, '53': 213, '34': 349, '55': 190, '89': 52, '88': 18, '32': 356, '57': 210, '65': 207}","{'56': 79, '81': 18, '28': 105, '22': 115, '50': 67, '60': 73, '61': 74, '62': 76, '63': 73, '64': 65, '53': 84, '66': 57, '67': 75, '68': 60, '69': 65, '80': 18, '34': 107, '86': 7, '87': 9, '84': 9, '85': 12, '24': 126, '25': 96, '26': 118, '27': 121, '20': 107, '21': 95, '48': 95, '49': 105, '46': 90, '47': 68, '44': 89, '45': 98, '42': 106, '43': 93, '40': 82, '41': 104, '82': 15, '18': 17, '23': 105, '83': 10, '77': 39, '76': 32, '75': 42, '74': 50, '73': 40, '72': 41, '71': 39, '70': 55, '29': 128, '79': 19, '78': 23, '39': 95, '38': 115, '59': 84, '58': 93, '55': 76, '19': 84, '54': 73, '57': 66, '30': 125, '51': 101, '36': 131, '35': 115, '52': 85, '33': 102, '89': 18, '37': 111, '88': 8, '32': 110, '31': 100, '65': 64}"
1993,"{'30': 543, '81': 101, '42': 381, '22': 454, '36': 476, '60': 303, '61': 266, '62': 287, '63': 289, '64': 258, '49': 346, '66': 267, '67': 279, '68': 267, '69': 250, '80': 83, '34': 473, '86': 40, '87': 47, '84': 53, '85': 57, '24': 482, '25': 503, '26': 497, '27': 556, '20': 391, '21': 444, '48': 342, '23': 503, '46': 346, '47': 294, '44': 337, '45': 359, '28': 528, '43': 364, '40': 400, '41': 381, '35': 461, '18': 73, '82': 72, '83': 67, '33': 459, '77': 163, '76': 170, '75': 154, '74': 203, '73': 200, '72': 212, '71': 208, '70': 241, '29': 501, '79': 102, '78': 141, '39': 386, '38': 449, '59': 298, '58': 342, '19': 368, '54': 301, '31': 452, '56': 310, '51': 323, '50': 300, '53': 309, '52': 309, '55': 280, '89': 72, '37': 431, '88': 28, '32': 487, '57': 292, '65': 283}","{'30': 417, '81': 83, '51': 217, '58': 246, '60': 228, '61': 192, '62': 210, '63': 216, '64': 193, '49': 238, '66': 205, '67': 204, '68': 206, '69': 183, '80': 64, '52': 220, '86': 33, '87': 36, '42': 273, '85': 45, '24': 355, '25': 402, '26': 376, '27': 433, '20': 282, '21': 347, '48': 244, '23': 396, '46': 253, '47': 219, '44': 246, '45': 258, '28': 417, '43': 268, '40': 309, '41': 273, '35': 340, '84': 43, '36': 339, '18': 56, '82': 54, '83': 57, '33': 351, '77': 123, '76': 136, '75': 111, '74': 150, '73': 158, '72': 167, '71': 166, '70': 186, '29': 368, '79': 82, '78': 117, '39': 284, '38': 330, '59': 210, '22': 336, '19': 281, '54': 226, '31': 350, '56': 230, '37': 315, '50': 230, '53': 222, '34': 366, '55': 201, '89': 54, '88': 20, '32': 372, '57': 224, '65': 216}","{'56': 80, '81': 18, '28': 111, '22': 118, '50': 70, '60': 75, '61': 74, '62': 77, '63': 73, '64': 65, '53': 87, '66': 62, '67': 75, '68': 61, '69': 67, '80': 19, '34': 107, '86': 7, '87': 11, '84': 10, '85': 12, '24': 127, '25': 101, '26': 121, '27': 123, '20': 109, '21': 97, '48': 98, '49': 108, '46': 93, '47': 75, '44': 91, '45': 101, '42': 108, '43': 96, '40': 91, '41': 108, '82': 18, '18': 17, '23': 107, '83': 10, '77': 40, '76': 34, '75': 43, '74': 53, '73': 42, '72': 45, '71': 42, '70': 55, '29': 133, '79': 20, '78': 24, '39': 102, '38': 119, '59': 88, '58': 96, '55': 79, '19': 87, '54': 75, '57': 68, '30': 126, '51': 106, '36': 137, '35': 121, '52': 89, '33': 108, '89': 18, '37': 116, '88': 8, '32': 115, '31': 102, '65': 67}"
1994,"{'30': 590, '81': 108, '42': 420, '22': 473, '36': 531, '60': 325, '61': 284, '62': 299, '63': 315, '64': 274, '49': 394, '66': 283, '67': 299, '68': 283, '69': 270, '80': 97, '34': 533, '86': 45, '87': 51, '84': 60, '85': 63, '24': 515, '25': 539, '26': 528, '27': 595, '20': 419, '21': 466, '48': 377, '23': 533, '46': 390, '47': 340, '44': 383, '45': 388, '28': 574, '43': 405, '40': 441, '41': 431, '35': 508, '18': 78, '82': 81, '83': 75, '33': 511, '77': 173, '76': 191, '75': 176, '74': 222, '73': 216, '72': 226, '71': 230, '70': 260, '29': 541, '79': 113, '78': 155, '39': 429, '38': 504, '59': 326, '58': 361, '19': 389, '54': 322, '31': 504, '56': 330, '51': 348, '50': 333, '53': 339, '52': 350, '55': 301, '89': 76, '37': 470, '88': 31, '32': 535, '57': 323, '65': 299}","{'30': 455, '81': 90, '51': 234, '58': 263, '60': 244, '61': 204, '62': 218, '63': 233, '64': 207, '49': 274, '66': 217, '67': 222, '68': 221, '69': 200, '80': 76, '52': 251, '86': 37, '87': 39, '42': 303, '85': 49, '24': 381, '25': 432, '26': 397, '27': 466, '20': 306, '21': 362, '48': 271, '23': 422, '46': 288, '47': 257, '44': 285, '45': 275, '28': 455, '43': 300, '40': 335, '41': 311, '35': 380, '84': 47, '36': 386, '18': 60, '82': 62, '83': 64, '33': 389, '77': 131, '76': 151, '75': 130, '74': 165, '73': 172, '72': 179, '71': 187, '70': 201, '29': 397, '79': 89, '78': 131, '39': 317, '38': 373, '59': 233, '22': 352, '19': 299, '54': 242, '31': 393, '56': 248, '37': 348, '50': 257, '53': 248, '34': 410, '55': 218, '89': 58, '88': 23, '32': 409, '57': 247, '65': 229}","{'56': 82, '81': 18, '28': 119, '22': 121, '50': 76, '60': 81, '61': 80, '62': 81, '63': 82, '64': 67, '53': 91, '66': 66, '67': 77, '68': 62, '69': 70, '80': 21, '34': 123, '86': 8, '87': 12, '84': 13, '85': 14, '24': 134, '25': 107, '26': 131, '27': 129, '20': 113, '21': 104, '48': 106, '49': 120, '46': 102, '47': 83, '44': 98, '45': 113, '42': 117, '43': 105, '40': 106, '41': 120, '82': 19, '18': 18, '23': 111, '83': 11, '77': 42, '76': 40, '75': 46, '74': 57, '73': 44, '72': 47, '71': 43, '70': 59, '29': 144, '79': 24, '78': 24, '39': 112, '38': 131, '59': 93, '58': 98, '55': 83, '19': 90, '54': 80, '57': 76, '30': 135, '51': 114, '36': 145, '35': 128, '52': 99, '33': 122, '89': 18, '37': 122, '88': 8, '32': 126, '31': 111, '65': 70}"
1996,"{'30': 642, '81': 113, '42': 463, '22': 508, '36': 570, '60': 349, '61': 300, '62': 323, '63': 337, '64': 288, '49': 440, '66': 297, '67': 315, '68': 297, '69': 285, '80': 108, '34': 576, '86': 53, '87': 54, '84': 64, '85': 64, '24': 559, '25': 579, '26': 570, '27': 634, '20': 446, '21': 490, '48': 419, '23': 567, '46': 430, '47': 374, '44': 409, '45': 422, '28': 627, '43': 461, '40': 484, '41': 470, '35': 543, '18': 81, '82': 88, '83': 80, '33': 557, '77': 189, '76': 203, '75': 187, '74': 235, '73': 223, '72': 246, '71': 235, '70': 285, '29': 577, '79': 122, '78': 164, '39': 470, '38': 563, '59': 350, '58': 379, '19': 409, '54': 348, '31': 546, '56': 354, '51': 382, '50': 361, '53': 373, '52': 375, '55': 319, '89': 89, '37': 528, '88': 36, '32': 575, '57': 344, '65': 322}","{'30': 501, '81': 95, '51': 258, '58': 277, '60': 265, '61': 215, '62': 240, '63': 249, '64': 218, '49': 314, '66': 229, '67': 231, '68': 233, '69': 213, '80': 85, '52': 269, '86': 45, '87': 42, '42': 334, '85': 49, '24': 413, '25': 468, '26': 429, '27': 498, '20': 324, '21': 381, '48': 306, '23': 451, '46': 324, '47': 287, '44': 306, '45': 306, '28': 493, '43': 348, '40': 373, '41': 339, '35': 410, '84': 51, '36': 424, '18': 63, '82': 67, '83': 69, '33': 429, '77': 143, '76': 161, '75': 137, '74': 174, '73': 178, '72': 197, '71': 192, '70': 222, '29': 424, '79': 98, '78': 137, '39': 352, '38': 422, '59': 251, '22': 381, '19': 313, '54': 263, '31': 430, '56': 268, '37': 391, '50': 279, '53': 279, '34': 450, '55': 233, '89': 67, '88': 28, '32': 440, '57': 266, '65': 249}","{'56': 86, '81': 18, '28': 134, '22': 127, '50': 82, '60': 84, '61': 85, '62': 83, '63': 88, '64': 70, '53': 94, '66': 68, '67': 84, '68': 64, '69': 72, '80': 23, '34': 126, '86': 8, '87': 12, '84': 13, '85': 15, '24': 146, '25': 111, '26': 141, '27': 136, '20': 122, '21': 109, '48': 113, '49': 126, '46': 106, '47': 87, '44': 103, '45': 116, '42': 129, '43': 113, '40': 111, '41': 131, '82': 21, '18': 18, '23': 116, '83': 11, '77': 46, '76': 42, '75': 50, '74': 61, '73': 45, '72': 49, '71': 43, '70': 63, '29': 153, '79': 24, '78': 27, '39': 118, '38': 141, '59': 99, '58': 102, '55': 86, '19': 96, '54': 85, '57': 78, '30': 141, '51': 124, '36': 146, '35': 133, '52': 106, '33': 128, '89': 22, '37': 137, '88': 8, '32': 135, '31': 116, '65': 73}"
1998,"{'30': 678, '81': 118, '42': 498, '22': 532, '36': 620, '60': 370, '61': 314, '62': 347, '63': 352, '64': 310, '49': 475, '66': 311, '67': 333, '68': 314, '69': 302, '80': 115, '34': 625, '86': 57, '87': 61, '84': 69, '85': 74, '24': 584, '25': 612, '26': 610, '27': 670, '20': 466, '21': 526, '48': 456, '23': 595, '46': 464, '47': 402, '44': 458, '45': 455, '28': 673, '43': 504, '40': 533, '41': 505, '35': 587, '18': 87, '82': 95, '83': 91, '33': 598, '77': 199, '76': 215, '75': 207, '74': 249, '73': 244, '72': 264, '71': 253, '70': 305, '29': 606, '79': 130, '78': 172, '39': 525, '38': 605, '59': 369, '58': 400, '19': 433, '54': 370, '31': 585, '56': 385, '51': 433, '50': 385, '53': 396, '52': 401, '55': 348, '89': 99, '37': 571, '88': 39, '32': 618, '57': 368, '65': 340}","{'30': 532, '81': 99, '51': 301, '58': 295, '60': 280, '61': 227, '62': 257, '63': 263, '64': 238, '49': 345, '66': 237, '67': 245, '68': 248, '69': 229, '80': 92, '52': 292, '86': 48, '87': 48, '42': 363, '85': 59, '24': 430, '25': 495, '26': 465, '27': 527, '20': 341, '21': 412, '48': 338, '23': 476, '46': 353, '47': 307, '44': 349, '45': 333, '28': 532, '43': 381, '40': 415, '41': 366, '35': 445, '84': 56, '36': 466, '18': 66, '82': 74, '83': 79, '33': 462, '77': 151, '76': 168, '75': 154, '74': 184, '73': 194, '72': 212, '71': 207, '70': 238, '29': 448, '79': 105, '78': 144, '39': 402, '38': 456, '59': 267, '22': 402, '19': 335, '54': 281, '31': 465, '56': 288, '37': 427, '50': 302, '53': 301, '34': 493, '55': 256, '89': 77, '88': 31, '32': 475, '57': 285, '65': 265}","{'56': 97, '81': 19, '28': 141, '22': 130, '50': 83, '60': 90, '61': 87, '62': 90, '63': 89, '64': 72, '53': 95, '66': 74, '67': 88, '68': 66, '69': 73, '80': 23, '34': 132, '86': 9, '87': 13, '84': 13, '85': 15, '24': 154, '25': 117, '26': 145, '27': 143, '20': 125, '21': 114, '48': 118, '49': 130, '46': 111, '47': 95, '44': 109, '45': 122, '42': 135, '43': 123, '40': 118, '41': 139, '82': 21, '18': 21, '23': 119, '83': 12, '77': 48, '76': 47, '75': 53, '74': 65, '73': 50, '72': 52, '71': 46, '70': 67, '29': 158, '79': 25, '78': 28, '39': 123, '38': 149, '59': 102, '58': 105, '55': 92, '19': 98, '54': 89, '57': 83, '30': 146, '51': 132, '36': 154, '35': 142, '52': 109, '33': 136, '89': 22, '37': 144, '88': 8, '32': 143, '31': 120, '65': 75}"
2000,"{'30': 715, '81': 130, '42': 544, '22': 555, '36': 654, '60': 390, '61': 337, '62': 370, '63': 374, '64': 325, '49': 505, '66': 330, '67': 349, '68': 333, '69': 317, '80': 128, '34': 665, '86': 65, '87': 65, '84': 79, '85': 87, '24': 618, '25': 648, '26': 645, '27': 698, '20': 495, '21': 553, '48': 492, '23': 624, '46': 497, '47': 438, '44': 507, '45': 501, '28': 703, '43': 547, '40': 581, '41': 543, '35': 624, '18': 92, '82': 104, '83': 100, '33': 628, '77': 212, '76': 227, '75': 221, '74': 263, '73': 262, '72': 278, '71': 268, '70': 320, '29': 648, '79': 145, '78': 189, '39': 554, '38': 651, '59': 389, '58': 419, '19': 461, '54': 397, '31': 624, '56': 415, '51': 458, '50': 422, '53': 427, '52': 438, '55': 365, '89': 108, '37': 608, '88': 42, '32': 663, '57': 384, '65': 354}","{'30': 560, '81': 109, '51': 323, '58': 309, '60': 294, '61': 244, '62': 272, '63': 280, '64': 247, '49': 368, '66': 251, '67': 256, '68': 265, '69': 242, '80': 104, '52': 319, '86': 56, '87': 52, '42': 401, '85': 70, '24': 457, '25': 520, '26': 493, '27': 551, '20': 367, '21': 433, '48': 368, '23': 504, '46': 381, '47': 337, '44': 393, '45': 366, '28': 557, '43': 418, '40': 454, '41': 394, '35': 472, '84': 64, '36': 493, '18': 70, '82': 83, '83': 87, '33': 488, '77': 164, '76': 177, '75': 162, '74': 196, '73': 209, '72': 226, '71': 220, '70': 251, '29': 486, '79': 117, '78': 158, '39': 427, '38': 495, '59': 286, '22': 422, '19': 354, '54': 303, '31': 499, '56': 312, '37': 459, '50': 333, '53': 326, '34': 525, '55': 269, '89': 85, '88': 34, '32': 515, '57': 298, '65': 276}","{'56': 103, '81': 21, '28': 146, '22': 133, '50': 89, '60': 96, '61': 93, '62': 98, '63': 94, '64': 78, '53': 101, '66': 79, '67': 93, '68': 68, '69': 75, '80': 24, '34': 140, '86': 9, '87': 13, '84': 15, '85': 17, '24': 161, '25': 128, '26': 152, '27': 147, '20': 128, '21': 120, '48': 124, '49': 137, '46': 116, '47': 101, '44': 114, '45': 135, '42': 143, '43': 129, '40': 127, '41': 149, '82': 21, '18': 22, '23': 120, '83': 13, '77': 48, '76': 50, '75': 59, '74': 67, '73': 53, '72': 52, '71': 48, '70': 69, '29': 162, '79': 28, '78': 31, '39': 127, '38': 156, '59': 103, '58': 110, '55': 96, '19': 107, '54': 94, '57': 86, '30': 155, '51': 135, '36': 161, '35': 152, '52': 119, '33': 140, '89': 23, '37': 149, '88': 8, '32': 148, '31': 125, '65': 78}"
2002,"{'30': 735, '81': 132, '42': 557, '22': 573, '36': 675, '60': 400, '61': 351, '62': 384, '63': 386, '64': 342, '49': 516, '66': 338, '67': 362, '68': 340, '69': 326, '80': 135, '34': 677, '86': 67, '87': 71, '84': 83, '85': 90, '24': 636, '25': 673, '26': 663, '27': 717, '20': 506, '21': 567, '48': 507, '23': 645, '46': 524, '47': 459, '44': 521, '45': 522, '28': 718, '43': 567, '40': 595, '41': 559, '35': 643, '18': 93, '82': 108, '83': 104, '33': 654, '77': 217, '76': 240, '75': 229, '74': 270, '73': 273, '72': 291, '71': 282, '70': 329, '29': 655, '79': 147, '78': 194, '39': 569, '38': 665, '59': 399, '58': 428, '19': 466, '54': 404, '31': 639, '56': 433, '51': 473, '50': 444, '53': 440, '52': 465, '55': 379, '89': 112, '37': 626, '88': 44, '32': 687, '57': 394, '65': 365}","{'30': 574, '81': 111, '51': 336, '58': 317, '60': 301, '61': 255, '62': 280, '63': 291, '64': 261, '49': 377, '66': 257, '67': 267, '68': 272, '69': 248, '80': 109, '52': 341, '86': 58, '87': 57, '42': 409, '85': 73, '24': 473, '25': 542, '26': 508, '27': 567, '20': 376, '21': 444, '48': 381, '23': 522, '46': 399, '47': 354, '44': 406, '45': 382, '28': 568, '43': 431, '40': 466, '41': 403, '35': 487, '84': 68, '36': 513, '18': 71, '82': 85, '83': 90, '33': 512, '77': 168, '76': 188, '75': 169, '74': 203, '73': 218, '72': 237, '71': 230, '70': 257, '29': 493, '79': 119, '78': 162, '39': 440, '38': 508, '59': 295, '22': 434, '19': 357, '54': 309, '31': 511, '56': 328, '37': 474, '50': 348, '53': 337, '34': 535, '55': 279, '89': 89, '88': 36, '32': 536, '57': 307, '65': 282}","{'56': 105, '81': 21, '28': 150, '22': 139, '50': 96, '60': 99, '61': 96, '62': 104, '63': 95, '64': 81, '53': 103, '66': 81, '67': 95, '68': 68, '69': 78, '80': 26, '34': 142, '86': 9, '87': 14, '84': 15, '85': 17, '24': 163, '25': 131, '26': 155, '27': 150, '20': 130, '21': 123, '48': 126, '49': 139, '46': 125, '47': 105, '44': 115, '45': 140, '42': 148, '43': 136, '40': 129, '41': 156, '82': 23, '18': 22, '23': 123, '83': 14, '77': 49, '76': 52, '75': 60, '74': 67, '73': 55, '72': 54, '71': 52, '70': 72, '29': 162, '79': 28, '78': 32, '39': 129, '38': 157, '59': 104, '58': 111, '55': 100, '19': 109, '54': 95, '57': 87, '30': 161, '51': 137, '36': 162, '35': 156, '52': 124, '33': 142, '89': 23, '37': 152, '88': 8, '32': 151, '31': 128, '65': 83}"
2004,"{'30': 755, '81': 136, '42': 574, '22': 586, '36': 696, '60': 410, '61': 370, '62': 396, '63': 401, '64': 345, '49': 532, '66': 344, '67': 373, '68': 351, '69': 333, '80': 138, '34': 703, '86': 69, '87': 74, '84': 84, '85': 93, '24': 648, '25': 688, '26': 683, '27': 733, '20': 522, '21': 578, '48': 517, '23': 661, '46': 539, '47': 476, '44': 542, '45': 542, '28': 735, '43': 589, '40': 617, '41': 584, '35': 661, '18': 101, '82': 117, '83': 107, '33': 667, '77': 222, '76': 247, '75': 239, '74': 275, '73': 275, '72': 296, '71': 289, '70': 334, '29': 673, '79': 154, '78': 199, '39': 593, '38': 680, '59': 413, '58': 435, '19': 475, '54': 416, '31': 658, '56': 457, '51': 487, '50': 461, '53': 455, '52': 485, '55': 392, '89': 116, '37': 647, '88': 47, '32': 695, '57': 412, '65': 372}","{'30': 590, '81': 113, '51': 347, '58': 324, '60': 310, '61': 268, '62': 288, '63': 302, '64': 263, '49': 392, '66': 263, '67': 277, '68': 278, '69': 254, '80': 111, '52': 357, '86': 59, '87': 59, '42': 424, '85': 75, '24': 484, '25': 554, '26': 522, '27': 580, '20': 387, '21': 451, '48': 387, '23': 533, '46': 410, '47': 368, '44': 424, '45': 398, '28': 581, '43': 450, '40': 486, '41': 424, '35': 501, '84': 69, '36': 533, '18': 77, '82': 92, '83': 93, '33': 523, '77': 173, '76': 194, '75': 177, '74': 208, '73': 219, '72': 241, '71': 234, '70': 260, '29': 509, '79': 126, '78': 166, '39': 461, '38': 520, '59': 307, '22': 443, '19': 363, '54': 318, '31': 528, '56': 348, '37': 491, '50': 362, '53': 350, '34': 556, '55': 290, '89': 92, '88': 39, '32': 539, '57': 318, '65': 286}","{'56': 109, '81': 23, '28': 154, '22': 143, '50': 99, '60': 100, '61': 102, '62': 108, '63': 99, '64': 82, '53': 105, '66': 81, '67': 96, '68': 73, '69': 79, '80': 27, '34': 147, '86': 10, '87': 15, '84': 15, '85': 18, '24': 164, '25': 134, '26': 161, '27': 153, '20': 135, '21': 127, '48': 130, '49': 140, '46': 129, '47': 108, '44': 118, '45': 144, '42': 150, '43': 139, '40': 131, '41': 160, '82': 25, '18': 24, '23': 128, '83': 14, '77': 49, '76': 53, '75': 62, '74': 67, '73': 56, '72': 55, '71': 55, '70': 74, '29': 164, '79': 28, '78': 33, '39': 132, '38': 160, '59': 106, '58': 111, '55': 102, '19': 112, '54': 98, '57': 94, '30': 165, '51': 140, '36': 163, '35': 160, '52': 128, '33': 144, '89': 24, '37': 156, '88': 8, '32': 156, '31': 130, '65': 86}"
2006,"{'30': 795, '81': 145, '42': 617, '22': 617, '36': 747, '60': 443, '61': 395, '62': 420, '63': 429, '64': 368, '49': 572, '66': 372, '67': 395, '68': 373, '69': 355, '80': 149, '34': 740, '86': 76, '87': 79, '84': 93, '85': 101, '24': 675, '25': 722, '26': 713, '27': 773, '20': 539, '21': 603, '48': 561, '23': 697, '46': 582, '47': 519, '44': 587, '45': 574, '28': 777, '43': 636, '40': 653, '41': 622, '35': 686, '18': 109, '82': 127, '83': 114, '33': 701, '77': 234, '76': 257, '75': 259, '74': 293, '73': 288, '72': 316, '71': 309, '70': 351, '29': 707, '79': 161, '78': 212, '39': 631, '38': 715, '59': 448, '58': 474, '19': 500, '54': 453, '31': 687, '56': 491, '51': 519, '50': 503, '53': 490, '52': 515, '55': 431, '89': 130, '37': 685, '88': 54, '32': 737, '57': 439, '65': 387}","{'30': 622, '81': 121, '51': 374, '58': 356, '60': 336, '61': 289, '62': 310, '63': 324, '64': 281, '49': 423, '66': 283, '67': 295, '68': 294, '69': 270, '80': 121, '52': 384, '86': 63, '87': 62, '42': 458, '85': 82, '24': 503, '25': 582, '26': 548, '27': 607, '20': 399, '21': 473, '48': 425, '23': 566, '46': 441, '47': 400, '44': 459, '45': 428, '28': 618, '43': 490, '40': 512, '41': 453, '35': 521, '84': 77, '36': 570, '18': 83, '82': 101, '83': 99, '33': 550, '77': 181, '76': 202, '75': 191, '74': 219, '73': 230, '72': 256, '71': 244, '70': 275, '29': 538, '79': 131, '78': 178, '39': 493, '38': 549, '59': 337, '22': 465, '19': 383, '54': 351, '31': 550, '56': 375, '37': 523, '50': 398, '53': 379, '34': 586, '55': 320, '89': 101, '88': 44, '32': 577, '57': 337, '65': 297}","{'56': 116, '81': 24, '28': 159, '22': 152, '50': 105, '60': 107, '61': 106, '62': 110, '63': 105, '64': 87, '53': 111, '66': 89, '67': 100, '68': 79, '69': 85, '80': 28, '34': 154, '86': 13, '87': 17, '84': 16, '85': 19, '24': 172, '25': 140, '26': 165, '27': 166, '20': 140, '21': 130, '48': 136, '49': 149, '46': 141, '47': 119, '44': 128, '45': 146, '42': 159, '43': 146, '40': 141, '41': 169, '82': 26, '18': 26, '23': 131, '83': 15, '77': 53, '76': 55, '75': 68, '74': 74, '73': 58, '72': 60, '71': 65, '70': 76, '29': 169, '79': 30, '78': 34, '39': 138, '38': 166, '59': 111, '58': 118, '55': 111, '19': 117, '54': 102, '57': 102, '30': 173, '51': 145, '36': 177, '35': 165, '52': 131, '33': 151, '89': 29, '37': 162, '88': 10, '32': 160, '31': 137, '65': 90}"
2008,"{'30': 811, '81': 155, '42': 637, '22': 629, '36': 778, '60': 469, '61': 419, '62': 442, '63': 441, '64': 383, '49': 592, '66': 391, '67': 408, '68': 387, '69': 370, '80': 162, '34': 762, '86': 82, '87': 84, '84': 99, '85': 103, '24': 702, '25': 738, '26': 742, '27': 801, '20': 560, '21': 617, '48': 580, '23': 723, '46': 604, '47': 557, '44': 611, '45': 597, '28': 802, '43': 660, '40': 683, '41': 644, '35': 713, '18': 113, '82': 134, '83': 121, '33': 727, '77': 239, '76': 271, '75': 268, '74': 310, '73': 294, '72': 326, '71': 322, '70': 364, '29': 726, '79': 171, '78': 224, '39': 652, '38': 737, '59': 458, '58': 490, '19': 522, '54': 475, '31': 716, '56': 518, '51': 551, '50': 534, '53': 521, '52': 541, '55': 454, '89': 144, '37': 714, '88': 54, '32': 752, '57': 465, '65': 410}","{'30': 632, '81': 128, '51': 397, '58': 364, '60': 358, '61': 305, '62': 328, '63': 334, '64': 291, '49': 436, '66': 297, '67': 306, '68': 306, '69': 280, '80': 132, '52': 406, '86': 68, '87': 66, '42': 473, '85': 84, '24': 528, '25': 594, '26': 571, '27': 628, '20': 418, '21': 484, '48': 442, '23': 581, '46': 459, '47': 433, '44': 480, '45': 445, '28': 637, '43': 510, '40': 534, '41': 468, '35': 543, '84': 82, '36': 597, '18': 87, '82': 106, '83': 105, '33': 573, '77': 185, '76': 214, '75': 199, '74': 230, '73': 236, '72': 264, '71': 256, '70': 282, '29': 554, '79': 139, '78': 189, '39': 511, '38': 564, '59': 344, '22': 475, '19': 398, '54': 368, '31': 575, '56': 394, '37': 547, '50': 422, '53': 404, '34': 605, '55': 340, '89': 112, '88': 44, '32': 590, '57': 357, '65': 315}","{'56': 124, '81': 27, '28': 165, '22': 154, '50': 112, '60': 111, '61': 114, '62': 114, '63': 107, '64': 92, '53': 117, '66': 94, '67': 102, '68': 81, '69': 90, '80': 30, '34': 157, '86': 14, '87': 18, '84': 17, '85': 19, '24': 174, '25': 144, '26': 171, '27': 173, '20': 142, '21': 133, '48': 138, '49': 156, '46': 145, '47': 124, '44': 131, '45': 152, '42': 164, '43': 150, '40': 149, '41': 176, '82': 28, '18': 26, '23': 142, '83': 16, '77': 54, '76': 57, '75': 69, '74': 80, '73': 58, '72': 62, '71': 66, '70': 82, '29': 172, '79': 32, '78': 35, '39': 141, '38': 173, '59': 114, '58': 126, '55': 114, '19': 124, '54': 107, '57': 108, '30': 179, '51': 154, '36': 181, '35': 170, '52': 135, '33': 154, '89': 32, '37': 167, '88': 10, '32': 162, '31': 141, '65': 95}"
2010,"{'30': 836, '81': 161, '42': 657, '22': 636, '36': 803, '60': 495, '61': 438, '62': 470, '63': 460, '64': 399, '49': 619, '66': 406, '67': 426, '68': 402, '69': 388, '80': 173, '34': 791, '86': 85, '87': 86, '84': 104, '85': 106, '24': 724, '25': 771, '26': 763, '27': 830, '20': 568, '21': 636, '48': 601, '23': 746, '46': 632, '47': 573, '44': 637, '45': 622, '28': 820, '43': 690, '40': 703, '41': 665, '35': 743, '18': 115, '82': 140, '83': 126, '33': 754, '77': 247, '76': 286, '75': 276, '74': 318, '73': 298, '72': 336, '71': 332, '70': 380, '29': 755, '79': 175, '78': 230, '39': 671, '38': 756, '59': 482, '58': 518, '19': 531, '54': 497, '31': 742, '56': 540, '51': 575, '50': 565, '53': 546, '52': 560, '55': 475, '89': 159, '37': 735, '88': 58, '32': 773, '57': 482, '65': 427}","{'30': 651, '81': 133, '51': 414, '58': 387, '60': 377, '61': 322, '62': 348, '63': 349, '64': 303, '49': 456, '66': 309, '67': 320, '68': 318, '69': 293, '80': 141, '52': 417, '86': 70, '87': 67, '42': 490, '85': 87, '24': 547, '25': 624, '26': 588, '27': 649, '20': 423, '21': 495, '48': 457, '23': 600, '46': 482, '47': 445, '44': 493, '45': 464, '28': 647, '43': 535, '40': 551, '41': 484, '35': 563, '84': 86, '36': 609, '18': 89, '82': 110, '83': 109, '33': 590, '77': 191, '76': 227, '75': 205, '74': 236, '73': 239, '72': 272, '71': 265, '70': 294, '29': 579, '79': 142, '78': 195, '39': 522, '38': 578, '59': 363, '22': 481, '19': 405, '54': 382, '31': 599, '56': 409, '37': 560, '50': 444, '53': 422, '34': 625, '55': 354, '89': 125, '88': 48, '32': 604, '57': 371, '65': 325}","{'56': 131, '81': 28, '28': 173, '22': 155, '50': 121, '60': 118, '61': 116, '62': 122, '63': 111, '64': 96, '53': 124, '66': 97, '67': 106, '68': 84, '69': 95, '80': 32, '34': 166, '86': 15, '87': 19, '84': 18, '85': 19, '24': 177, '25': 147, '26': 175, '27': 181, '20': 145, '21': 141, '48': 144, '49': 163, '46': 150, '47': 128, '44': 144, '45': 158, '42': 167, '43': 155, '40': 152, '41': 181, '82': 30, '18': 26, '23': 146, '83': 17, '77': 56, '76': 59, '75': 71, '74': 82, '73': 59, '72': 64, '71': 67, '70': 86, '29': 176, '79': 33, '78': 35, '39': 149, '38': 178, '59': 119, '58': 131, '55': 121, '19': 126, '54': 115, '57': 111, '30': 185, '51': 161, '36': 194, '35': 180, '52': 143, '33': 164, '89': 34, '37': 175, '88': 10, '32': 169, '31': 143, '65': 102}"
2012,"{'30': 864, '81': 166, '42': 681, '22': 654, '36': 823, '60': 516, '61': 464, '62': 490, '63': 484, '64': 417, '49': 650, '66': 416, '67': 442, '68': 417, '69': 403, '80': 180, '34': 807, '86': 93, '87': 92, '84': 112, '85': 111, '24': 739, '25': 793, '26': 782, '27': 849, '20': 581, '21': 655, '48': 631, '23': 766, '46': 656, '47': 599, '44': 657, '45': 642, '28': 848, '43': 709, '40': 723, '41': 696, '35': 769, '18': 122, '82': 143, '83': 130, '33': 776, '77': 256, '76': 297, '75': 283, '74': 327, '73': 308, '72': 346, '71': 351, '70': 393, '29': 776, '79': 183, '78': 241, '39': 698, '38': 782, '59': 501, '58': 537, '19': 543, '54': 522, '31': 766, '56': 560, '51': 603, '50': 589, '53': 570, '52': 579, '55': 504, '89': 168, '37': 755, '88': 62, '32': 805, '57': 499, '65': 451}","{'30': 671, '81': 137, '51': 434, '58': 402, '60': 394, '61': 344, '62': 363, '63': 363, '64': 321, '49': 476, '66': 317, '67': 332, '68': 329, '69': 304, '80': 146, '52': 433, '86': 76, '87': 72, '42': 507, '85': 92, '24': 555, '25': 640, '26': 599, '27': 664, '20': 430, '21': 507, '48': 478, '23': 615, '46': 502, '47': 463, '44': 508, '45': 475, '28': 669, '43': 552, '40': 569, '41': 511, '35': 579, '84': 93, '36': 623, '18': 95, '82': 113, '83': 113, '33': 605, '77': 198, '76': 238, '75': 208, '74': 243, '73': 246, '72': 280, '71': 278, '70': 304, '29': 596, '79': 149, '78': 204, '39': 539, '38': 597, '59': 377, '22': 491, '19': 413, '54': 403, '31': 613, '56': 427, '37': 576, '50': 459, '53': 440, '34': 637, '55': 374, '89': 132, '88': 50, '32': 621, '57': 386, '65': 344}","{'56': 133, '81': 29, '28': 179, '22': 163, '50': 130, '60': 122, '61': 120, '62': 127, '63': 121, '64': 96, '53': 130, '66': 99, '67': 110, '68': 88, '69': 99, '80': 34, '34': 170, '86': 17, '87': 20, '84': 19, '85': 19, '24': 184, '25': 153, '26': 183, '27': 185, '20': 151, '21': 148, '48': 153, '49': 174, '46': 154, '47': 136, '44': 149, '45': 167, '42': 174, '43': 157, '40': 154, '41': 185, '82': 30, '18': 27, '23': 151, '83': 17, '77': 58, '76': 59, '75': 75, '74': 84, '73': 62, '72': 66, '71': 73, '70': 89, '29': 180, '79': 34, '78': 37, '39': 159, '38': 185, '59': 124, '58': 135, '55': 130, '19': 130, '54': 119, '57': 113, '30': 193, '51': 169, '36': 200, '35': 190, '52': 146, '33': 171, '89': 36, '37': 179, '88': 12, '32': 184, '31': 153, '65': 107}"
2014,"{'30': 897, '81': 173, '42': 709, '22': 669, '36': 850, '60': 544, '61': 491, '62': 526, '63': 513, '64': 443, '49': 680, '66': 442, '67': 470, '68': 428, '69': 419, '80': 191, '34': 831, '86': 97, '87': 96, '84': 122, '85': 115, '24': 760, '25': 825, '26': 817, '27': 878, '20': 601, '21': 672, '48': 656, '23': 789, '46': 677, '47': 632, '44': 684, '45': 664, '28': 870, '43': 745, '40': 753, '41': 733, '35': 794, '18': 127, '82': 147, '83': 137, '33': 807, '77': 267, '76': 307, '75': 298, '74': 346, '73': 322, '72': 361, '71': 371, '70': 417, '29': 811, '79': 201, '78': 258, '39': 729, '38': 813, '59': 533, '58': 574, '19': 561, '54': 561, '31': 797, '56': 594, '51': 629, '50': 627, '53': 608, '52': 605, '55': 532, '89': 182, '37': 792, '88': 71, '32': 843, '57': 526, '65': 479}","{'30': 697, '81': 140, '51': 454, '58': 427, '60': 414, '61': 364, '62': 388, '63': 383, '64': 341, '49': 496, '66': 336, '67': 352, '68': 335, '69': 316, '80': 154, '52': 450, '86': 77, '87': 76, '42': 532, '85': 96, '24': 567, '25': 662, '26': 631, '27': 684, '20': 439, '21': 517, '48': 496, '23': 630, '46': 516, '47': 488, '44': 527, '45': 492, '28': 682, '43': 578, '40': 593, '41': 535, '35': 592, '84': 101, '36': 644, '18': 99, '82': 116, '83': 119, '33': 626, '77': 208, '76': 245, '75': 217, '74': 260, '73': 259, '72': 290, '71': 293, '70': 314, '29': 625, '79': 160, '78': 219, '39': 561, '38': 623, '59': 402, '22': 504, '19': 428, '54': 432, '31': 634, '56': 452, '37': 606, '50': 483, '53': 467, '34': 658, '55': 392, '89': 143, '88': 56, '32': 645, '57': 408, '65': 367}","{'56': 142, '81': 33, '28': 188, '22': 165, '50': 144, '60': 130, '61': 127, '62': 138, '63': 130, '64': 102, '53': 141, '66': 106, '67': 118, '68': 93, '69': 103, '80': 37, '34': 173, '86': 20, '87': 20, '84': 21, '85': 19, '24': 193, '25': 163, '26': 186, '27': 194, '20': 162, '21': 155, '48': 160, '49': 184, '46': 161, '47': 144, '44': 157, '45': 172, '42': 177, '43': 167, '40': 160, '41': 198, '82': 31, '18': 28, '23': 159, '83': 18, '77': 59, '76': 62, '75': 81, '74': 86, '73': 63, '72': 71, '71': 78, '70': 103, '29': 186, '79': 41, '78': 39, '39': 168, '38': 190, '59': 131, '58': 147, '55': 140, '19': 133, '54': 129, '57': 118, '30': 200, '51': 175, '36': 206, '35': 202, '52': 155, '33': 181, '89': 39, '37': 186, '88': 15, '32': 198, '31': 163, '65': 112}"
